City_ID,City,Country,Date,Lat,Lng,Max Temp,Humidity,Cloudiness,Wind Speed
0,Tasiilaq,GL,2021-10-12 19:35:01,65.6145,-37.6368,33.96,62,0,0.22
1,Atuona,PF,2021-10-12 19:35:02,-9.8,-139.0333,77.41,77,9,18.66
2,Sorland,NO,2021-10-12 19:35:03,67.667,12.6934,41.07,63,100,15.68
3,Gazojak,TM,2021-10-12 19:35:04,41.1875,61.4036,51.08,31,0,11.45
4,Zhigansk,RU,2021-10-12 19:35:04,66.7697,123.3711,14.74,96,100,5.37
5,Geraldton,AU,2021-10-12 19:31:26,-28.7667,114.6,50.41,76,4,11.5
6,Coahuayana,MX,2021-10-12 19:35:05,18.7333,-103.6833,89.08,62,99,5.32
7,Lasa,IT,2021-10-12 19:35:06,46.6166,10.7002,47.28,95,79,6.04
8,Mahebourg,MU,2021-10-12 19:35:07,-20.4081,57.7,73.69,94,75,6.91
9,Khatanga,RU,2021-10-12 19:35:07,71.9667,102.5,11.93,96,99,7.11
10,Hobart,AU,2021-10-12 19:33:13,-42.8794,147.3294,48.25,78,75,3.0
11,Bargi,IN,2021-10-12 19:35:08,22.9833,79.8667,71.01,67,3,2.48
12,Tiksi,RU,2021-10-12 19:35:08,71.6872,128.8694,20.55,93,98,9.06
13,Zambezi,ZM,2021-10-12 19:35:09,-13.5432,23.1047,71.51,27,0,6.55
14,Olinda,BR,2021-10-12 19:35:09,-8.0089,-34.8553,82.13,69,20,9.22
15,Vaini,TO,2021-10-12 19:35:09,-21.2,-175.2,69.96,83,20,4.61
16,Albany,US,2021-10-12 19:33:21,42.6001,-73.9662,76.32,61,34,1.01
17,Tilichiki,RU,2021-10-12 19:35:10,60.4667,166.1,19.15,70,92,5.17
18,Acarau,BR,2021-10-12 19:35:10,-2.8856,-40.12,82.17,69,94,20.47
19,Kuzhener,RU,2021-10-12 19:35:11,56.8111,48.9128,41.95,72,18,7.38
20,Lavrentiya,RU,2021-10-12 19:35:11,65.5833,-171.0,30.65,82,100,11.83
21,Labe,GN,2021-10-12 19:35:12,11.3182,-12.2833,67.24,91,84,0.87
22,Kloulklubed,PW,2021-10-12 19:35:12,7.0419,134.2556,83.26,78,76,11.23
23,Iracoubo,GF,2021-10-12 19:35:12,5.4802,-53.2011,84.09,72,61,11.72
24,Tuktoyaktuk,CA,2021-10-12 19:35:13,69.4541,-133.0374,26.6,93,40,9.22
25,Mataura,NZ,2021-10-12 19:35:13,-46.1927,168.8643,41.27,88,100,5.17
26,Ushuaia,AR,2021-10-12 19:35:13,-54.8,-68.3,56.82,41,75,8.05
27,Joao Pinheiro,BR,2021-10-12 19:35:14,-17.7425,-46.1725,78.57,63,92,2.98
28,Shellbrook,CA,2021-10-12 19:35:14,53.2168,-106.4011,45.63,41,7,3.87
29,Ponta Do Sol,PT,2021-10-12 19:35:15,32.6667,-17.1,72.72,73,57,3.06
30,Tabou,CI,2021-10-12 19:35:15,4.423,-7.3528,77.36,90,29,6.96
31,Barrow,US,2021-10-12 19:35:16,71.2906,-156.7887,30.22,86,90,25.32
32,Candolim,IN,2021-10-12 19:35:16,15.5181,73.7626,79.66,85,95,5.37
33,Kodiak,US,2021-10-12 19:35:16,57.79,-152.4072,45.91,57,1,0.0
34,San Carlos De Bariloche,AR,2021-10-12 19:35:17,-41.1456,-71.3082,65.95,19,0,20.71
35,Wanning,CN,2021-10-12 19:35:17,18.8003,110.3967,71.89,89,100,26.44
36,Mpanda,TZ,2021-10-12 19:35:18,-6.3655,31.0409,73.81,40,67,3.22
37,Villa Bruzual,VE,2021-10-12 19:35:18,9.3328,-69.1208,81.55,85,99,4.47
38,Port Hedland,AU,2021-10-12 19:35:18,-20.3167,118.5667,64.45,94,4,0.0
39,Chalchihuites,MX,2021-10-12 19:35:19,23.4833,-103.8833,73.02,41,67,17.0
40,La Ronge,CA,2021-10-12 19:35:19,55.1001,-105.2842,39.45,56,20,5.75
41,Yeniseysk,RU,2021-10-12 19:35:19,58.4497,92.1703,24.64,62,100,3.49
42,Lac Du Bonnet,CA,2021-10-12 19:35:20,50.2536,-96.0612,51.8,55,100,8.12
43,Rikitea,PF,2021-10-12 19:31:04,-23.1203,-134.9692,74.08,73,32,11.12
44,Nikolskoye,RU,2021-10-12 19:35:20,59.7035,30.7861,44.87,86,84,5.93
45,Nyuksenitsa,RU,2021-10-12 19:35:21,60.4128,44.2397,41.77,80,100,6.4
46,Saint Anthony,US,2021-10-12 19:35:21,45.0205,-93.218,64.42,79,90,1.01
47,Qaanaaq,GL,2021-10-12 19:35:22,77.484,-69.3632,29.37,93,99,6.26
48,Vila Franca Do Campo,PT,2021-10-12 19:35:22,37.7167,-25.4333,72.01,86,60,4.56
49,Castro,BR,2021-10-12 19:35:23,-24.7911,-50.0119,70.05,67,85,3.27
50,Bethel,US,2021-10-12 19:35:23,41.3712,-73.414,75.07,67,1,3.44
51,Pevek,RU,2021-10-12 19:35:23,69.7008,170.3133,15.26,92,100,3.87
52,Bambous Virieux,MU,2021-10-12 19:35:24,-20.3428,57.7575,73.65,94,75,6.91
53,Pisco,PE,2021-10-12 19:35:24,-13.7,-76.2167,66.25,68,0,10.36
54,Nikita,UA,2021-10-12 19:35:24,44.5333,34.2333,48.72,71,65,8.43
55,Berekum,GH,2021-10-12 19:35:25,7.4534,-2.584,76.48,83,90,1.92
56,Bonfim,BR,2021-10-12 19:35:25,3.0833,-59.95,89.42,52,98,2.37
57,Arraial Do Cabo,BR,2021-10-12 19:34:29,-22.9661,-42.0278,67.96,94,90,16.11
58,Bluff,NZ,2021-10-12 19:35:26,-46.6,168.3333,45.03,73,100,19.3
59,Clinton,US,2021-10-12 19:33:34,42.587,-82.9199,73.49,71,75,3.0
60,Yangjiang,CN,2021-10-12 19:35:27,21.85,111.9667,71.28,70,100,20.71
61,Cidreira,BR,2021-10-12 19:35:27,-30.1811,-50.2056,67.46,88,54,19.55
62,Puerto Ayacucho,VE,2021-10-12 19:35:27,5.6639,-67.6236,81.54,84,88,7.18
63,Punta Arenas,CL,2021-10-12 19:31:33,-53.15,-70.9167,59.11,29,75,23.02
64,Padang,ID,2021-10-12 19:31:43,-0.9492,100.3543,76.35,77,41,3.83
65,Wuwei,CN,2021-10-12 19:35:28,37.9281,102.6414,45.1,27,9,1.77
66,Butaritari,KI,2021-10-12 19:35:29,3.0707,172.7902,81.01,69,57,6.08
67,Puerto Del Rosario,ES,2021-10-12 19:35:29,28.5004,-13.8627,73.15,68,20,12.66
68,Aklavik,CA,2021-10-12 19:35:30,68.2191,-135.0107,25.63,86,90,4.61
69,Bali Chak,IN,2021-10-12 19:35:30,22.3667,87.55,79.52,77,84,5.41
70,Nanortalik,GL,2021-10-12 19:35:30,60.1432,-45.2371,39.9,80,2,6.15
71,Codrington,AU,2021-10-12 19:35:31,-38.2667,141.9667,54.52,70,100,18.1
72,Lorengau,PG,2021-10-12 19:35:31,-2.0226,147.2712,82.63,77,20,7.23
73,Guerrero Negro,MX,2021-10-12 19:35:32,27.9769,-114.0611,70.47,50,0,20.02
74,Emmett,US,2021-10-12 19:34:21,43.8735,-116.4993,54.48,27,0,5.01
75,Ishigaki,JP,2021-10-12 19:35:33,24.3448,124.1572,81.66,84,100,29.33
76,Cape Town,ZA,2021-10-12 19:30:51,-33.9258,18.4232,65.08,78,20,1.99
77,Hermanus,ZA,2021-10-12 19:35:33,-34.4187,19.2345,62.8,84,89,3.04
78,Taltal,CL,2021-10-12 19:35:34,-25.4,-70.4833,62.2,68,30,11.77
79,Lebu,CL,2021-10-12 19:35:34,-37.6167,-73.65,56.52,75,28,7.31
80,Busselton,AU,2021-10-12 19:35:34,-33.65,115.3333,46.04,81,88,8.37
81,Bereda,ES,2021-10-12 19:35:35,43.2686,-7.5406,60.55,100,7,3.06
82,New Norfolk,AU,2021-10-12 19:35:35,-42.7826,147.0587,47.91,69,100,1.01
83,Ola,RU,2021-10-12 19:35:35,59.5833,151.2833,31.32,75,100,4.99
84,Tanhacu,BR,2021-10-12 19:35:36,-14.0214,-41.2481,87.51,40,75,6.06
85,Cherskiy,RU,2021-10-12 19:35:36,68.75,161.3,-3.15,99,93,2.28
86,Mar Del Plata,AR,2021-10-12 19:34:35,-38.0023,-57.5575,64.0,59,40,4.0
87,Porto Novo,BJ,2021-10-12 19:35:37,6.4965,2.6036,82.22,86,93,7.02
88,Taranto,IT,2021-10-12 19:35:37,40.6167,17.25,61.36,72,54,8.5
89,Iralaya,HN,2021-10-12 19:35:38,15.0,-83.2333,87.89,67,6,8.57
90,Benguela,AO,2021-10-12 19:35:38,-12.5763,13.4055,74.82,80,62,5.97
91,Puerto Ayora,EC,2021-10-12 19:35:38,-0.7393,-90.3518,80.56,87,58,5.99
92,Dubti,ET,2021-10-12 19:35:39,11.7361,41.0853,90.64,40,35,6.58
93,Bredasdorp,ZA,2021-10-12 19:35:39,-34.5322,20.0403,62.28,88,100,0.0
94,Elizabeth City,US,2021-10-12 19:35:40,36.2946,-76.2511,74.01,93,90,8.05
95,Jamestown,US,2021-10-12 19:32:04,42.097,-79.2353,75.02,67,90,7.0
96,Beringovskiy,RU,2021-10-12 19:35:40,63.05,179.3167,17.82,87,59,13.02
97,Vila Do Maio,CV,2021-10-12 19:35:40,15.1333,-23.2167,79.59,77,17,14.5
98,Carauari,BR,2021-10-12 19:35:41,-4.8828,-66.8958,89.8,56,87,1.66
99,Yulara,AU,2021-10-12 19:35:41,-25.2406,130.9889,58.84,23,0,8.05
100,Bonavista,CA,2021-10-12 19:35:42,48.6499,-53.1147,49.12,93,100,23.02
101,Kapaa,US,2021-10-12 19:35:42,22.0752,-159.319,82.38,80,75,5.01
102,Dubuque,US,2021-10-12 19:31:25,42.4833,-90.8668,64.22,77,90,10.36
103,Caravelas,BR,2021-10-12 19:35:43,-17.7125,-39.2481,70.14,88,100,8.34
104,Ta Khmau,KH,2021-10-12 19:35:43,11.4833,104.95,80.65,83,40,6.91
105,Longyearbyen,SJ,2021-10-12 19:35:44,78.2186,15.6401,28.24,80,75,8.05
106,Socoltenango,MX,2021-10-12 19:35:44,16.2167,-92.25,76.95,63,10,4.76
107,Marsh Harbour,BS,2021-10-12 19:35:42,26.5412,-77.0636,82.0,66,78,8.99
108,Hasaki,JP,2021-10-12 19:35:45,35.7333,140.8333,64.8,85,100,20.4
109,Prainha,BR,2021-10-12 19:35:45,-1.8,-53.48,96.62,31,14,6.11
110,Carnarvon,AU,2021-10-12 19:35:45,-24.8667,113.6333,59.07,63,0,16.11
111,San Patricio,US,2021-10-12 19:35:46,28.017,-97.5169,93.29,53,39,21.7
112,Pitea,SE,2021-10-12 19:35:46,65.3172,21.4794,37.49,85,28,4.07
113,Antsohihy,MG,2021-10-12 19:35:47,-14.8796,47.9875,76.5,60,25,6.15
114,Zhicheng,CN,2021-10-12 19:35:47,30.2956,111.5047,61.57,63,99,6.76
115,Santiago,CL,2021-10-12 19:33:35,-33.4569,-70.6483,74.17,41,75,4.61
116,Saint-Francois,FR,2021-10-12 19:35:47,46.4154,3.9054,45.84,88,0,3.44
117,Bengkulu,ID,2021-10-12 19:35:48,-3.8004,102.2655,75.29,91,97,3.67
118,Yumen,CN,2021-10-12 19:35:48,40.2833,97.2,40.42,30,53,1.25
119,Ribeira Grande,PT,2021-10-12 19:35:49,38.5167,-28.7,72.0,73,40,5.75
120,Luwuk,ID,2021-10-12 19:35:49,-0.9516,122.7875,79.09,73,96,3.2
121,Port Alfred,ZA,2021-10-12 19:35:49,-33.5906,26.891,63.3,87,91,1.3
122,Pangai,TO,2021-10-12 19:35:50,-19.8,-174.35,73.51,60,20,5.75
123,Fortuna,US,2021-10-12 19:32:53,40.5982,-124.1573,60.93,51,1,5.01
124,Kaitangata,NZ,2021-10-12 19:35:50,-46.2817,169.8464,43.72,77,100,14.72
125,Riachao,BR,2021-10-12 19:35:50,-7.3619,-46.6172,92.91,34,58,3.53
126,Esperance,AU,2021-10-12 19:35:51,-33.8667,121.9,53.44,69,100,22.91
127,Mezen,RU,2021-10-12 19:35:51,65.8522,44.24,38.19,87,5,10.76
128,Byron Bay,AU,2021-10-12 19:31:33,-28.65,153.6167,64.35,83,100,10.89
129,Svetlogorsk,BY,2021-10-12 19:35:52,52.6333,29.7333,44.13,92,100,5.28
130,Kommunisticheskiy,RU,2021-10-12 19:35:52,61.6789,64.4819,36.1,98,100,4.12
131,Manta,EC,2021-10-12 19:35:52,-0.95,-80.7333,78.58,69,20,12.66
132,Broken Hill,AU,2021-10-12 19:33:54,-31.95,141.4333,51.51,43,0,6.91
133,Souillac,MU,2021-10-12 19:35:53,-20.5167,57.5167,73.78,94,75,6.91
134,Saint-Philippe,RE,2021-10-12 19:35:54,-21.3585,55.7679,72.99,90,55,5.53
135,Kushima,JP,2021-10-12 19:35:54,31.4583,131.2333,74.23,93,100,5.3
136,Georgetown,MY,2021-10-12 19:31:53,5.4112,100.3354,82.33,87,20,3.0
137,Xining,CN,2021-10-12 19:35:55,36.6167,101.7667,42.85,53,99,3.53
138,Vaitape,PF,2021-10-12 19:35:55,-16.5167,-151.75,80.53,76,57,10.18
139,Amazar,RU,2021-10-12 19:35:55,53.858,120.875,37.99,80,100,5.3
140,Birao,CF,2021-10-12 19:35:56,10.2849,22.7882,79.7,65,100,6.62
141,Santa Cruz De La Palma,ES,2021-10-12 19:35:56,28.6835,-17.7642,71.74,68,20,6.91
142,Hithadhoo,MV,2021-10-12 19:35:57,-0.6,73.0833,82.35,77,100,16.04
143,Bunga,PH,2021-10-12 19:35:57,11.4838,124.5918,78.66,87,90,3.04
144,Sola,VU,2021-10-12 19:35:57,-13.8833,167.55,80.49,79,44,14.81
145,Hilo,US,2021-10-12 19:31:02,19.7297,-155.09,83.28,93,90,6.91
146,Copiapo,CL,2021-10-12 19:35:58,-27.3667,-70.3333,56.89,37,24,10.27
147,Namatanai,PG,2021-10-12 19:35:58,-3.6667,152.4333,80.74,77,100,8.01
148,Fukue,JP,2021-10-12 19:35:59,32.6881,128.8419,75.13,87,100,20.6
149,Starosubkhangulovo,RU,2021-10-12 19:35:59,53.1031,57.4423,42.57,82,100,2.59
150,Saint-Augustin,CA,2021-10-12 19:36:00,51.226,-58.6502,55.9,45,0,5.41
151,Norman Wells,CA,2021-10-12 19:36:00,65.282,-126.8329,32.04,80,75,13.8
152,Fairbanks,US,2021-10-12 19:32:57,64.8378,-147.7164,34.25,78,90,0.0
153,Japura,ID,2021-10-12 19:36:01,-0.3167,102.35,75.38,94,100,1.36
154,Hay River,CA,2021-10-12 19:32:13,60.8156,-115.7999,44.58,57,75,12.66
155,Havre-Saint-Pierre,CA,2021-10-12 19:36:02,50.2334,-63.5986,64.99,72,75,11.5
156,Auki,SB,2021-10-12 19:36:03,-8.7676,160.7034,77.58,87,100,3.74
157,Saskylakh,RU,2021-10-12 19:36:03,71.9167,114.0833,10.31,97,99,4.07
158,Honiara,SB,2021-10-12 19:36:03,-9.4333,159.95,78.98,85,84,0.72
159,Berlevag,NO,2021-10-12 19:36:04,70.8578,29.0864,41.0,80,100,22.62
160,Svilajnac,RS,2021-10-12 19:36:04,44.2337,21.1967,49.44,90,100,2.68
161,Lokosovo,RU,2021-10-12 19:36:05,61.1333,74.8167,29.86,89,100,6.31
162,Hastings,GB,2021-10-12 19:36:05,50.8552,0.5729,57.0,87,73,11.03
163,Najran,SA,2021-10-12 19:36:05,17.4924,44.1277,75.85,14,43,3.56
164,Port Elizabeth,ZA,2021-10-12 19:36:06,-33.918,25.5701,59.29,94,40,4.61
165,Port Hardy,CA,2021-10-12 19:34:05,50.6996,-127.4199,50.0,93,75,5.75
166,Port Hawkesbury,CA,2021-10-12 19:36:06,45.6169,-61.3485,67.91,82,20,4.0
167,Idenao,CM,2021-10-12 19:36:07,4.2475,9.0047,78.17,95,100,6.85
168,Vestmanna,FO,2021-10-12 19:36:07,62.1564,-7.1664,43.72,100,90,10.36
169,Vila Velha,BR,2021-10-12 19:36:08,-20.3297,-40.2925,71.55,88,90,10.36
170,Narimanov,RU,2021-10-12 19:36:08,46.6927,47.8498,49.91,61,14,11.81
171,Yellowknife,CA,2021-10-12 19:34:05,62.456,-114.3525,43.41,77,40,13.8
172,Santa Catarina De Tepehuanes,MX,2021-10-12 19:36:09,25.35,-105.7333,75.11,46,99,16.51
173,Bilibino,RU,2021-10-12 19:36:09,68.0546,166.4372,-9.36,97,13,4.47
174,Ilulissat,GL,2021-10-12 19:36:10,69.2167,-51.1,32.02,69,75,1.14
175,Avarua,CK,2021-10-12 19:32:21,-21.2078,-159.775,73.45,94,75,6.91
176,Holland,US,2021-10-12 19:36:10,42.7875,-86.1089,66.79,73,90,14.97
177,Straumen,NO,2021-10-12 19:36:11,63.8709,11.2999,42.8,83,100,4.38
178,Krizevci,HR,2021-10-12 19:34:59,46.0219,16.5425,48.79,88,95,1.86
179,Santa Marta,CO,2021-10-12 19:36:12,11.2408,-74.199,85.55,76,100,10.51
180,Dikson,RU,2021-10-12 19:36:12,73.5069,80.5464,28.98,81,86,16.42
181,Opuwo,NA,2021-10-12 19:31:42,-18.0607,13.84,80.91,18,0,10.71
182,Vao,NC,2021-10-12 19:36:13,-22.6667,167.4833,68.58,95,100,12.55
183,Gravdal,NO,2021-10-12 19:36:13,68.1214,13.5031,40.89,87,40,8.05
184,Isangel,VU,2021-10-12 19:36:14,-19.55,169.2667,73.51,83,95,3.44
185,Adrar,MR,2021-10-12 19:36:14,20.5022,-10.0711,90.0,10,9,5.75
186,East London,ZA,2021-10-12 19:36:14,-33.0153,27.9116,66.27,78,100,0.47
187,Leningradskiy,RU,2021-10-12 19:36:15,69.3833,178.4167,20.61,96,100,5.5
188,Drayton Valley,CA,2021-10-12 19:36:15,53.2168,-114.9854,43.92,23,58,16.13
189,Praia Da Vitoria,PT,2021-10-12 19:36:15,38.7333,-27.0667,70.05,88,20,5.57
190,Lompoc,US,2021-10-12 19:36:16,34.6391,-120.4579,73.56,25,1,10.36
191,Samarai,PG,2021-10-12 19:36:16,-10.6167,150.6667,79.47,84,18,2.1
192,Haines Junction,CA,2021-10-12 19:36:17,60.7522,-137.5108,33.75,93,97,1.14
193,Kasulu,TZ,2021-10-12 19:36:17,-4.5767,30.1025,70.57,48,90,3.11
194,Iqaluit,CA,2021-10-12 19:36:18,63.7506,-68.5145,35.33,93,90,17.0
195,Korla,CN,2021-10-12 19:36:18,41.7597,86.1469,51.71,41,43,10.54
196,Tayoltita,MX,2021-10-12 19:36:18,24.0833,-105.9333,76.62,74,100,5.21
197,Riyadh,SA,2021-10-12 19:35:44,24.6877,46.7219,82.54,11,0,6.62
198,Mingaora,PK,2021-10-12 19:36:19,34.7758,72.3625,62.76,39,0,6.55
199,Karachi,PK,2021-10-12 19:33:08,24.9056,67.0822,80.42,69,0,0.0
200,Port Blair,IN,2021-10-12 19:36:20,11.6667,92.75,81.28,84,100,17.05
201,Udachnyy,RU,2021-10-12 19:36:21,66.4167,112.4,15.22,94,100,20.33
202,Nome,US,2021-10-12 19:34:35,64.5011,-165.4064,35.67,87,90,9.22
203,El Alto,PE,2021-10-12 19:36:21,-4.2714,-81.2147,71.26,79,65,17.18
204,Pouembout,NC,2021-10-12 19:36:21,-21.1333,164.9,71.15,97,100,5.68
205,Mitsamiouli,KM,2021-10-12 19:36:22,-11.3847,43.2844,76.68,85,3,5.12
206,Taixing,CN,2021-10-12 19:36:22,32.1667,120.0136,73.0,81,98,11.72
207,San Ramon,US,2021-10-12 19:35:27,37.7799,-121.978,68.56,22,1,3.0
208,Los Llanos De Aridane,ES,2021-10-12 19:36:23,28.6585,-17.9182,67.75,90,20,6.91
209,Soyo,AO,2021-10-12 19:36:23,-6.1349,12.3689,76.6,85,56,9.95
210,Deputatskiy,RU,2021-10-12 19:36:24,69.3,139.9,20.91,97,100,3.36
211,Nyuzen,JP,2021-10-12 19:36:24,36.9333,137.5,65.46,95,100,9.06
212,Puerto Escondido,MX,2021-10-12 19:36:25,15.85,-97.0667,90.43,51,20,5.75
213,Constitucion,CL,2021-10-12 19:36:25,-35.3333,-72.4167,57.52,70,27,7.45
214,Bathsheba,BB,2021-10-12 19:36:25,13.2167,-59.5167,83.05,76,70,13.15
215,Dhidhdhoo,MV,2021-10-12 19:36:26,6.8833,73.1,82.27,78,94,17.52
216,Muzhi,RU,2021-10-12 19:36:26,65.3667,64.6667,32.07,95,100,5.93
217,Clyde River,CA,2021-10-12 19:36:26,70.4692,-68.5914,35.83,87,75,2.3
218,Alba,PL,2021-10-12 19:36:27,52.0324,23.1165,43.79,68,45,7.76
219,Kungurtug,RU,2021-10-12 19:36:27,50.5994,97.5228,29.43,97,100,2.86
220,Camacha,PT,2021-10-12 19:36:27,33.0833,-16.3333,68.76,68,40,5.75
221,Chapayeve,UA,2021-10-12 19:36:28,49.3662,35.8749,53.42,69,100,9.01
222,Salalah,OM,2021-10-12 19:36:28,17.0151,54.0924,78.89,83,20,3.44
223,Chokurdakh,RU,2021-10-12 19:36:29,70.6333,147.9167,15.75,92,100,8.03
224,Thunder Bay,CA,2021-10-12 19:33:43,48.4001,-89.3168,65.28,80,75,10.36
225,San Cristobal,VE,2021-10-12 19:33:11,7.7669,-72.225,87.98,81,100,6.67
226,Chegdomyn,RU,2021-10-12 19:36:29,51.1167,133.0167,40.19,85,100,4.94
227,Tezu,IN,2021-10-12 19:36:30,27.9167,96.1667,76.08,61,5,4.05
228,Jiazi,CN,2021-10-12 19:36:30,22.8779,116.067,77.4,91,100,28.34
229,Mancio Lima,BR,2021-10-12 19:36:31,-7.6142,-72.8958,95.07,55,75,5.75
230,Umm Kaddadah,SD,2021-10-12 19:36:31,13.6017,26.6876,89.15,39,99,9.24
231,Beloha,MG,2021-10-12 19:36:31,-25.1667,45.05,66.09,76,0,15.59
232,Ketchikan,US,2021-10-12 19:36:32,55.3422,-131.6461,46.87,87,75,6.91
233,Togur,RU,2021-10-12 19:36:32,58.3631,82.8265,25.56,69,50,3.02
234,Jinji,CN,2021-10-12 19:36:33,23.2281,110.8261,67.21,68,100,10.96
235,Faanui,PF,2021-10-12 19:36:33,-16.4833,-151.75,80.56,76,58,10.2
236,Shingu,JP,2021-10-12 19:36:33,33.7333,135.9833,71.29,93,99,5.17
237,Bagamoyo,TZ,2021-10-12 19:36:34,-6.4333,38.9,75.13,83,59,8.01
238,Bundaberg,AU,2021-10-12 19:36:34,-24.85,152.35,68.22,96,90,3.0
239,Araouane,ML,2021-10-12 19:36:34,18.9048,-3.5265,90.97,9,66,6.8
240,Kavaratti,IN,2021-10-12 19:36:35,10.5669,72.642,82.18,81,100,21.77
241,Cockburn Town,TC,2021-10-12 19:36:35,21.4612,-71.1419,82.36,74,75,4.61
242,Te Anau,NZ,2021-10-12 19:36:35,-45.4167,167.7167,39.87,93,87,5.1
243,Garissa,KE,2021-10-12 19:36:36,-0.4536,39.6401,77.25,64,100,19.44
244,Rorvik,NO,2021-10-12 19:36:36,64.8621,11.2373,40.98,100,75,2.3
245,Baiyin,CN,2021-10-12 19:36:37,36.5583,104.2081,49.08,25,100,5.28
246,Kenai,US,2021-10-12 19:36:38,60.5544,-151.2583,45.09,82,1,5.75
247,Te Kauwhata,NZ,2021-10-12 19:36:38,-37.4,175.15,53.51,73,61,7.87
248,Batsfjord,NO,2021-10-12 19:36:38,70.6345,29.7185,41.22,81,100,20.0
249,Bani,DO,2021-10-12 19:36:39,18.2833,-70.3333,84.74,72,100,4.21
250,Klaksvik,FO,2021-10-12 19:36:39,62.2266,-6.589,45.52,95,100,16.67
251,Visby,SE,2021-10-12 19:36:39,57.6409,18.296,48.42,71,40,16.11
252,Qaqortoq,GL,2021-10-12 19:36:40,60.7167,-46.0333,43.3,63,3,3.58
253,Boddam,GB,2021-10-12 19:36:40,57.4667,-1.7833,49.12,69,96,4.83
254,Mae Sot,TH,2021-10-12 19:36:41,16.7167,98.5667,72.95,97,100,1.43
255,Atbasar,KZ,2021-10-12 19:36:41,51.8,68.3333,43.39,68,97,9.53
256,Taree,AU,2021-10-12 19:36:42,-31.9,152.4667,60.66,100,75,4.61
257,Rio Gallegos,AR,2021-10-12 19:31:44,-51.6226,-69.2181,60.85,21,75,14.97
258,Kruisfontein,ZA,2021-10-12 19:36:42,-34.0033,24.7314,56.88,85,100,1.68
259,Batagay-Alyta,RU,2021-10-12 19:36:42,67.8006,130.4114,21.16,96,100,4.7
260,Natal,BR,2021-10-12 19:36:26,-5.795,-35.2094,84.85,58,20,13.8
261,Edgewater,US,2021-10-12 19:36:43,28.9889,-80.9023,90.16,63,3,8.08
262,Ouango,CF,2021-10-12 19:36:43,4.3133,22.5552,70.56,93,98,1.9
263,Kysyl-Syr,RU,2021-10-12 19:36:44,63.8986,122.7617,22.41,91,100,7.29
264,Tual,ID,2021-10-12 19:36:44,-5.6667,132.75,83.07,75,61,0.67
265,Saldanha,ZA,2021-10-12 19:36:44,-33.0117,17.9442,62.65,96,100,13.15
266,Izumo,JP,2021-10-12 19:36:45,35.3667,132.7667,69.75,95,100,5.35
267,Dingle,PH,2021-10-12 19:36:45,10.9995,122.6711,76.98,89,100,8.77
268,Sabha,LY,2021-10-12 19:36:46,27.0377,14.4283,70.18,38,36,12.71
269,Camacupa,AO,2021-10-12 19:36:46,-12.0167,17.4833,72.03,41,83,2.48
270,Kamenka,RU,2021-10-12 19:36:46,51.3223,42.7678,54.73,38,100,13.31
271,Tyup,KG,2021-10-12 19:36:47,42.7276,78.3648,30.09,71,1,5.37
272,Puri,IN,2021-10-12 19:36:47,19.8,85.85,81.12,77,99,4.59
273,Thompson,CA,2021-10-12 19:36:48,55.7435,-97.8558,44.76,93,90,6.91
274,Marathon,US,2021-10-12 19:36:48,44.9,-89.7668,63.93,85,90,1.01
275,Edd,ER,2021-10-12 19:36:49,13.9297,41.6925,89.01,64,8,7.85
276,Lakes Entrance,AU,2021-10-12 19:36:49,-37.8811,147.981,47.16,83,99,7.78
277,Namibe,AO,2021-10-12 19:36:49,-15.1961,12.1522,70.25,84,98,2.91
278,Zhezkazgan,KZ,2021-10-12 19:36:50,47.8043,67.7144,38.16,40,6,7.65
279,Torbay,CA,2021-10-12 19:33:55,47.6666,-52.7314,49.28,92,90,19.57
280,Ahuimanu,US,2021-10-12 19:36:50,21.4447,-157.8378,82.11,75,90,13.8
281,Genhe,CN,2021-10-12 19:36:51,50.7833,121.5167,38.5,70,100,3.29
282,Deder,ET,2021-10-12 19:36:51,9.3167,41.45,59.72,65,74,1.74
283,Innisfail,AU,2021-10-12 19:36:51,-17.5333,146.0333,72.19,76,56,2.28
284,Orcopampa,PE,2021-10-12 19:36:52,-15.2661,-72.3417,59.32,44,58,2.68
285,Ahipara,NZ,2021-10-12 19:36:52,-35.1667,173.1667,55.58,59,99,15.43
286,Victoria Point,AU,2021-10-12 19:36:52,-27.5833,153.3,66.49,96,99,1.99
287,Marzuq,YE,2021-10-12 19:36:53,14.4,46.4667,76.42,60,14,1.12
288,Babu,CN,2021-10-12 19:36:53,24.4167,111.5167,62.47,76,98,9.6
289,Severo-Kurilsk,RU,2021-10-12 19:36:54,50.6789,156.125,44.46,81,20,14.65
290,Mmathubudukwane,BW,2021-10-12 19:36:54,-24.6,26.4333,72.46,20,4,3.65
291,Celestun,MX,2021-10-12 19:36:54,20.8667,-90.4,87.67,63,4,13.24
292,Victoria,HK,2021-10-12 19:34:38,22.2855,114.1577,77.32,84,100,1.01
293,Ukiah,US,2021-10-12 19:36:55,39.1502,-123.2078,67.87,21,1,8.05
294,Saint George,US,2021-10-12 19:32:08,37.1041,-113.5841,57.63,52,40,3.0
295,Nogliki,RU,2021-10-12 19:36:56,51.8333,143.1667,45.79,79,100,16.49
296,Omboue,GA,2021-10-12 19:36:56,-1.5746,9.2618,77.81,89,94,7.92
297,Kleive,NO,2021-10-12 19:36:56,62.7954,7.6359,43.57,87,75,3.44
298,Quatre Cocos,MU,2021-10-12 19:36:57,-20.2078,57.7625,73.51,86,1,2.26
299,Mount Isa,AU,2021-10-12 19:33:52,-20.7333,139.5,67.77,77,75,6.91
300,Springfield,US,2021-10-12 19:36:57,37.2153,-93.2982,78.42,42,1,7.0
301,West Fargo,US,2021-10-12 19:35:36,46.875,-96.9004,58.01,54,1,10.0
302,Yar-Sale,RU,2021-10-12 19:36:58,66.8333,70.8333,29.3,94,100,14.41
303,Serenje,ZM,2021-10-12 19:36:58,-13.2325,30.2352,61.07,67,31,7.34
304,Laguna,US,2021-10-12 19:35:44,38.421,-121.4238,69.64,22,1,8.01
305,Okhotsk,RU,2021-10-12 19:36:59,59.3833,143.3,29.21,59,0,23.49
306,Cabo San Lucas,MX,2021-10-12 19:35:41,22.8909,-109.9124,85.51,83,100,8.99
307,Kahama,TZ,2021-10-12 19:36:59,-3.8333,32.6,74.93,31,100,4.5
308,Staryy Nadym,RU,2021-10-12 19:37:00,65.6118,72.6842,29.55,76,100,14.83
309,Uporovo,RU,2021-10-12 19:37:00,56.3109,66.2693,45.57,92,100,5.39
310,Caldwell,US,2021-10-12 19:33:58,43.6629,-116.6874,54.46,29,1,18.41
311,Okha,RU,2021-10-12 19:37:00,53.5739,142.9478,43.65,77,100,11.63
312,Vangaindrano,MG,2021-10-12 19:37:01,-23.35,47.6,64.51,78,100,1.81
313,Axim,GH,2021-10-12 19:37:01,4.8699,-2.2405,78.78,89,37,10.83
314,Talara,PE,2021-10-12 19:37:02,-4.5772,-81.2719,74.16,68,0,17.27
315,Bubaque,GW,2021-10-12 19:37:03,11.2833,-15.8333,82.76,76,99,8.14
316,Hovd,MN,2021-10-12 19:37:03,48.0056,91.6419,33.03,45,6,7.67
317,Borogontsy,RU,2021-10-12 19:37:04,62.6683,131.1683,22.23,96,100,4.43
318,Domanivka,UA,2021-10-12 19:37:04,47.6319,30.9885,51.91,64,100,8.37
319,Airai,TL,2021-10-12 19:37:04,-8.9266,125.4092,60.82,78,100,1.86
320,Surt,LY,2021-10-12 19:37:05,31.2089,16.5887,73.36,58,78,5.1
321,Karratha,AU,2021-10-12 19:37:05,-20.7377,116.8463,75.94,47,1,10.31
322,Nuevo Progreso,MX,2021-10-12 19:37:06,23.1667,-97.95,93.6,68,65,5.99
323,Verkhnechusovskiye Gorodki,RU,2021-10-12 19:37:06,58.1671,57.1086,44.35,89,94,3.8
324,Baykalovo,RU,2021-10-12 19:37:06,57.3981,63.7684,43.75,87,99,6.8
325,Upernavik,GL,2021-10-12 19:37:07,72.7868,-56.1549,34.7,98,100,17.38
326,Whitehorse,CA,2021-10-12 19:37:07,60.7161,-135.0538,40.01,80,75,13.0
327,Tutoia,BR,2021-10-12 19:37:08,-2.7619,-42.2744,85.98,76,29,13.29
328,Aktau,KZ,2021-10-12 19:37:09,43.65,51.2,52.38,36,0,20.94
329,Fort Nelson,CA,2021-10-12 19:37:09,58.8053,-122.7002,38.79,81,75,2.3
330,Dunedin,NZ,2021-10-12 19:37:09,-45.8742,170.5036,43.81,76,100,14.0
331,Farah,AF,2021-10-12 19:37:10,32.5,62.5,54.43,20,0,2.64
332,Mogadishu,SO,2021-10-12 19:36:04,2.0371,45.3438,78.76,79,100,11.21
333,Arak,IR,2021-10-12 19:37:10,34.0917,49.6892,54.46,25,23,3.02
334,Chimore,BO,2021-10-12 19:37:11,-16.9833,-65.1333,93.47,41,100,4.56
335,Tuatapere,NZ,2021-10-12 19:37:11,-46.1333,167.6833,43.18,82,100,5.97
336,Goderich,CA,2021-10-12 19:37:12,43.7501,-81.7165,74.91,73,13,12.66
337,Ternate,ID,2021-10-12 19:37:12,0.8,127.4,81.28,81,100,3.42
338,Noumea,NC,2021-10-12 19:32:41,-22.2763,166.4572,66.18,95,100,8.01
339,Touros,BR,2021-10-12 19:37:13,-5.1989,-35.4608,85.1,69,43,14.56
340,Aitape,PG,2021-10-12 19:37:13,-3.1374,142.3475,77.76,90,41,3.51
341,Juegang,CN,2021-10-12 19:37:13,32.3174,121.1855,73.9,93,100,15.97
342,Taloda,IN,2021-10-12 19:37:14,21.5667,74.2167,81.72,69,65,2.93
343,Alice Springs,AU,2021-10-12 19:37:14,-23.7,133.8833,60.35,51,0,14.97
344,Jamtara,IN,2021-10-12 19:37:15,23.95,86.8,77.54,71,45,6.6
345,Moron,AR,2021-10-12 19:37:15,-34.6534,-58.6198,72.01,70,95,1.01
346,Havelock,US,2021-10-12 19:37:15,34.8791,-76.9013,75.18,85,81,5.01
347,Baruun-Urt,MN,2021-10-12 19:37:16,46.6806,113.2792,44.78,50,100,7.81
348,Port-Gentil,GA,2021-10-12 19:37:16,-0.7193,8.7815,80.56,83,75,10.36
349,Awjilah,LY,2021-10-12 19:37:16,29.1081,21.2869,73.62,56,99,15.46
350,Flinders,AU,2021-10-12 19:37:17,-34.5833,150.8552,59.2,88,100,1.01
351,Coquimbo,CL,2021-10-12 19:33:16,-29.9533,-71.3436,62.33,51,75,8.05
352,Magistralnyy,RU,2021-10-12 19:37:18,56.1725,107.4458,24.64,49,100,5.41
353,Aleksandrov Gay,RU,2021-10-12 19:37:18,50.147,48.5704,50.49,42,75,10.02
354,Narrabri,AU,2021-10-12 19:37:18,-30.3167,149.7833,55.49,88,75,4.61
355,Mareeba,AU,2021-10-12 19:37:19,-17.0,145.4333,65.12,95,0,1.1
356,Rio Grande,BR,2021-10-12 19:37:19,-32.035,-52.0986,71.71,82,15,6.71
357,Mizdah,LY,2021-10-12 19:37:19,31.4451,12.9801,66.25,39,94,4.09
358,General Roca,AR,2021-10-12 19:37:20,-39.0333,-67.5833,77.4,17,0,15.97
359,Mehamn,NO,2021-10-12 19:37:20,71.0357,27.8492,42.98,87,75,18.41
360,Arlit,NE,2021-10-12 19:37:20,18.7369,7.3853,88.63,8,4,8.41
361,Rawson,AR,2021-10-12 19:37:21,-43.3002,-65.1023,73.6,31,91,22.88
362,Zyryanka,RU,2021-10-12 19:37:21,65.75,150.85,20.61,95,100,6.73
363,Shaowu,CN,2021-10-12 19:37:22,27.3409,117.4831,65.98,91,95,2.62
364,Kaputa,ZM,2021-10-12 19:37:22,-8.4689,29.6619,78.98,50,93,4.25
365,Srednekolymsk,RU,2021-10-12 19:37:23,67.45,153.6833,12.31,92,100,1.28
366,Pandamatenga,BW,2021-10-12 19:37:23,-18.5278,25.627,69.44,37,0,3.98
367,Chuy,UY,2021-10-12 19:37:23,-33.6971,-53.4616,66.88,81,18,7.56
368,Oakdale,US,2021-10-12 19:34:46,44.963,-92.9649,63.82,82,90,8.05
369,Usinsk,RU,2021-10-12 19:37:24,65.9939,57.5281,35.06,96,100,13.24
370,Batemans Bay,AU,2021-10-12 19:37:24,-35.7167,150.1833,55.2,88,100,2.53
371,Horsham,GB,2021-10-12 19:37:25,51.064,-0.3272,57.43,73,40,4.61
372,Nemuro,JP,2021-10-12 19:37:25,43.3236,145.575,53.49,71,0,4.74
373,Pedernales,DO,2021-10-12 19:37:26,18.0384,-71.744,85.26,68,100,4.45
374,Talnakh,RU,2021-10-12 19:37:26,69.4865,88.3972,17.65,96,99,4.54
375,Koumra,TD,2021-10-12 19:37:27,8.9126,17.5539,77.77,69,53,3.24
376,Terney,RU,2021-10-12 19:37:27,45.0503,136.6092,45.91,61,0,5.5
377,Monticello,US,2021-10-12 19:35:33,45.3055,-93.7941,64.8,78,90,6.91
378,Nyurba,RU,2021-10-12 19:37:28,63.2842,118.3319,20.73,70,94,9.46
379,Maldonado,UY,2021-10-12 19:37:28,-34.6667,-54.9167,66.22,84,65,7.07
380,Awbari,LY,2021-10-12 19:37:29,26.5921,12.7805,69.98,41,0,4.94
381,Kahului,US,2021-10-12 19:37:29,20.8947,-156.47,85.26,81,20,19.57
382,Inhambane,MZ,2021-10-12 19:37:30,-23.865,35.3833,68.49,70,1,8.95
383,Tongliao,CN,2021-10-12 19:37:30,43.6125,122.2653,44.42,62,5,9.13
384,Sitka,US,2021-10-12 19:37:00,57.0531,-135.33,46.29,87,90,9.22
385,Tamiahua,MX,2021-10-12 19:37:30,21.2667,-97.45,87.04,73,22,12.26
386,Nokia,FI,2021-10-12 19:37:31,61.4667,23.5,44.02,94,75,1.01
387,Iskateley,RU,2021-10-12 19:37:31,67.6803,53.1512,39.67,89,100,11.83
388,Copperas Cove,US,2021-10-12 19:37:32,31.1241,-97.9031,82.35,94,75,20.71
389,Inverness,GB,2021-10-12 19:34:10,57.4791,-4.224,50.79,95,75,0.0
390,Methoni,GR,2021-10-12 19:37:32,36.8197,21.7049,63.21,69,78,16.64
391,Fundao,BR,2021-10-12 19:37:33,-19.9341,-40.4047,71.13,96,94,3.02
392,Khorixas,NA,2021-10-12 19:37:33,-20.3667,14.9667,75.11,41,0,5.01
393,Knysna,ZA,2021-10-12 19:37:34,-34.0363,23.0471,59.38,70,100,1.74
394,Maarianhamina,AX,2021-10-12 19:37:34,60.0973,19.9348,39.06,100,75,1.14
395,Banda Aceh,ID,2021-10-12 19:37:34,5.5577,95.3222,80.29,77,100,14.58
396,Vasilsursk,RU,2021-10-12 19:37:35,56.1275,46.0072,42.62,66,85,5.86
397,Rodrigues Alves,BR,2021-10-12 19:37:35,-7.738,-72.6509,95.2,54,100,2.95
398,Totness,SR,2021-10-12 19:37:36,5.8833,-56.3167,84.38,74,16,12.93
399,Faya,SA,2021-10-12 19:37:36,18.3851,42.4509,68.11,19,54,8.21
400,Ust-Barguzin,RU,2021-10-12 19:37:36,53.45,108.9833,39.33,78,100,5.99
401,Enterprise,US,2021-10-12 19:37:37,36.0252,-115.2419,63.23,27,20,7.0
402,Jieshi,CN,2021-10-12 19:37:37,22.8134,115.8257,74.95,90,100,32.57
403,Jimma,ET,2021-10-12 19:37:38,7.6667,36.8333,58.86,95,39,2.06
404,Chai Badan,TH,2021-10-12 19:37:38,15.2,101.1333,76.57,94,100,1.97
405,Radomsko,PL,2021-10-12 19:37:39,51.0671,19.4448,46.38,88,99,6.04
406,Tefe,BR,2021-10-12 19:37:39,-3.3542,-64.7114,89.71,70,20,3.22
407,Kamina,CD,2021-10-12 19:37:39,-8.7386,24.9906,69.64,64,37,4.52
408,Marawi,PH,2021-10-12 19:37:40,7.9986,124.2928,67.64,79,93,3.89
409,Salta,AR,2021-10-12 19:37:40,-24.7859,-65.4117,82.99,47,40,8.01
410,Huarmey,PE,2021-10-12 19:37:40,-10.0681,-78.1522,68.49,73,24,13.0
411,Deniliquin,AU,2021-10-12 19:37:41,-35.5333,144.9667,52.93,65,88,12.06
412,Chapais,CA,2021-10-12 19:37:41,49.7834,-74.8492,65.98,85,100,3.38
413,Qui Nhon,VN,2021-10-12 19:37:41,13.7667,109.2333,77.27,88,100,5.3
414,Mayumba,GA,2021-10-12 19:37:42,-3.432,10.6554,76.89,90,100,8.14
415,Burnie,AU,2021-10-12 19:37:42,-41.0667,145.9167,49.95,64,100,14.18
416,Burns Lake,CA,2021-10-12 19:37:42,54.2331,-125.7533,38.62,65,100,8.3
417,Katsuura,JP,2021-10-12 19:37:43,35.1333,140.3,66.31,90,100,18.19
418,Tiznit,MA,2021-10-12 19:37:43,29.5833,-9.5,62.74,81,3,3.56
419,Liverpool,GB,2021-10-12 19:34:30,53.4106,-2.9779,58.78,87,75,1.99
420,Chulman,RU,2021-10-12 19:37:44,56.8479,124.9104,20.43,77,100,3.44
421,Hambantota,LK,2021-10-12 19:37:44,6.1241,81.1185,77.34,100,0,3.44
422,Mount Gambier,AU,2021-10-12 19:37:45,-37.8333,140.7667,51.71,82,100,10.36
423,Saint-Joseph,RE,2021-10-12 19:37:45,-21.3667,55.6167,71.98,91,46,3.09
424,Westport,US,2021-10-12 19:37:45,41.1415,-73.3579,74.91,69,1,1.01
425,Tessalit,ML,2021-10-12 19:37:46,20.1986,1.0114,88.38,10,100,9.48
426,Tsabong,BW,2021-10-12 19:37:46,-26.0217,22.401,71.15,17,18,11.61
427,Morwa,IN,2021-10-12 19:37:47,22.9,73.8333,78.31,70,0,2.26
428,Sorong,ID,2021-10-12 19:37:47,-0.8833,131.25,81.55,77,100,0.85
429,Lubana,LV,2021-10-12 19:37:47,56.9,26.7167,44.47,84,100,4.41
430,Armeria,MX,2021-10-12 19:37:48,18.9333,-103.9667,89.37,61,100,5.37
431,Bajil,YE,2021-10-12 19:37:48,15.0584,43.2851,89.62,55,9,2.3
432,Belaya Gora,RU,2021-10-12 19:37:48,68.5333,146.4167,17.64,84,100,9.33
433,Praya,CV,2021-10-12 19:37:49,14.9215,-23.5087,79.34,73,75,17.27
434,Ust-Tsilma,RU,2021-10-12 19:37:49,65.441,52.1498,39.29,85,98,7.7
435,Panguipulli,CL,2021-10-12 19:37:49,-39.6333,-72.3333,67.71,38,2,4.09
436,Provideniya,RU,2021-10-12 19:37:50,64.3833,-173.3,33.91,69,75,15.66
437,Teseney,ER,2021-10-12 19:37:50,15.11,36.6575,87.46,47,100,4.45
438,Uray,RU,2021-10-12 19:37:51,60.1247,64.7758,40.66,98,100,3.96
439,Kachiry,KZ,2021-10-12 19:37:51,53.0675,76.1036,39.99,87,100,6.98
440,Vredendal,ZA,2021-10-12 19:37:52,-31.6683,18.5012,63.3,62,100,6.62
441,Beinamar,TD,2021-10-12 19:37:52,8.6698,15.3813,76.96,71,55,4.92
442,Sao Filipe,CV,2021-10-12 19:37:52,14.8961,-24.4956,79.86,74,4,8.46
443,Houston,US,2021-10-12 19:34:05,29.7633,-95.3633,92.41,67,40,4.0
444,Buchanan,LR,2021-10-12 19:35:01,5.8808,-10.0467,78.76,89,100,6.2
445,Bin Qirdan,TN,2021-10-12 19:37:53,33.1378,11.2197,71.91,62,100,6.31
446,Ancud,CL,2021-10-12 19:37:53,-41.8697,-73.8203,65.73,71,17,10.16
447,Aswan,EG,2021-10-12 19:37:54,24.0934,32.907,94.3,22,0,3.44
448,Abulug,PH,2021-10-12 19:37:54,18.4453,121.4533,78.1,88,100,10.09
449,Sulangan,PH,2021-10-12 19:37:54,11.1373,123.7228,83.75,72,93,10.85
450,Miesbach,DE,2021-10-12 19:37:55,47.789,11.8338,45.32,98,100,4.56
451,Belousovka,KZ,2021-10-12 19:37:55,50.1339,82.5239,29.25,100,40,2.24
452,Tura,IN,2021-10-12 19:37:56,25.5198,90.2201,73.69,89,47,3.87
453,Daura,NG,2021-10-12 19:37:56,11.5538,11.4085,85.53,21,98,5.95
454,Kajaani,FI,2021-10-12 19:37:57,64.2273,27.7285,41.05,93,75,4.61
455,Obo,CF,2021-10-12 19:37:57,5.3998,26.4869,70.02,90,92,3.27
456,Calabozo,VE,2021-10-12 19:37:57,8.9242,-67.4293,81.5,81,100,5.55
457,Krasnoye,UA,2021-10-12 19:37:58,49.9145,24.6134,43.95,86,96,4.79
458,Chibombo,ZM,2021-10-12 19:34:17,-14.6569,28.0706,67.66,46,0,7.54
459,Port Lincoln,AU,2021-10-12 19:37:58,-34.7333,135.8667,50.18,79,100,13.06
460,Xiongzhou,CN,2021-10-12 19:37:58,25.1167,114.3,68.76,73,100,6.08
461,Bucerias,MX,2021-10-12 19:37:23,20.75,-105.3333,87.98,58,90,9.22
462,Yerbogachen,RU,2021-10-12 19:37:59,61.2767,108.0108,16.38,85,17,3.36
463,Hamilton,US,2021-10-12 19:37:17,39.1834,-84.5333,80.65,63,75,3.0
464,North Bend,US,2021-10-12 19:38:00,43.4065,-124.2243,56.25,82,90,8.05
465,Taoudenni,ML,2021-10-12 19:38:00,22.6783,-3.9836,94.71,8,12,4.94
466,Baykit,RU,2021-10-12 19:38:01,61.67,96.37,24.12,72,100,1.79
467,Lepe,ES,2021-10-12 19:38:01,37.2548,-7.2043,71.11,74,0,6.24
468,Teya,RU,2021-10-12 19:38:02,60.3778,92.6267,25.84,70,100,2.53
469,Kawambwa,ZM,2021-10-12 19:38:03,-9.7915,29.0791,75.18,39,88,8.43
470,Narsaq,GL,2021-10-12 19:38:03,60.9167,-46.05,43.02,66,3,1.05
471,Xai-Xai,MZ,2021-10-12 19:38:04,-25.0519,33.6442,67.17,67,2,10.09
472,Diamantina,BR,2021-10-12 19:38:04,-18.2494,-43.6003,66.13,78,96,6.73
473,Ambilobe,MG,2021-10-12 19:38:04,-13.2,49.05,73.44,82,99,1.63
474,Klembivka,UA,2021-10-12 19:38:05,48.3904,28.4109,48.52,74,100,6.93
475,Bingol,TR,2021-10-12 19:38:05,38.8847,40.4939,59.58,29,1,3.51
476,Severomuysk,RU,2021-10-12 19:38:05,56.1481,113.4267,13.14,90,100,4.63
477,Azul,AR,2021-10-12 19:35:40,-36.777,-59.8585,67.33,78,99,8.61
478,Kaeo,NZ,2021-10-12 19:38:06,-35.1,173.7833,51.33,94,91,9.66
479,Waipawa,NZ,2021-10-12 19:38:06,-41.4122,175.5153,45.23,88,100,22.28
480,Barcelona,ES,2021-10-12 19:33:36,41.3888,2.159,68.79,73,0,1.14
481,Empalme,MX,2021-10-12 19:38:07,27.9667,-110.8167,89.35,47,1,14.97
482,Amalapuram,IN,2021-10-12 19:38:07,16.5833,82.0167,76.41,93,100,0.69
483,Sihora,IN,2021-10-12 19:38:08,23.4833,80.1167,70.9,66,5,1.83
484,Gornopravdinsk,RU,2021-10-12 19:38:08,60.05,69.9,33.42,96,100,5.5
485,Uvat,RU,2021-10-12 19:38:09,59.1433,68.8953,36.46,99,100,4.12
486,Itarema,BR,2021-10-12 19:38:09,-2.9248,-39.9167,81.57,71,98,19.19
487,Lipari,IT,2021-10-12 19:38:10,38.4674,14.954,67.08,66,100,8.88
488,Baft,IR,2021-10-12 19:38:10,29.234,56.6057,54.0,16,0,2.71
489,Lisakovsk,KZ,2021-10-12 19:38:10,52.5369,62.4936,47.23,67,100,7.05
490,Nalut,LY,2021-10-12 19:38:11,30.3333,10.85,67.66,30,5,0.98
491,Merauke,ID,2021-10-12 19:38:11,-8.4667,140.3333,77.45,90,98,8.48
492,Motiong,PH,2021-10-12 19:38:12,11.78,124.9997,76.57,89,98,2.62
493,Kousseri,CM,2021-10-12 19:38:12,12.0769,15.0306,87.76,23,1,5.75
494,Mbala,ZM,2021-10-12 19:38:12,-8.8402,31.3659,66.25,60,65,11.63
495,Kununurra,AU,2021-10-12 19:38:13,-15.7667,128.7333,75.18,100,100,3.44
496,Poum,NC,2021-10-12 19:38:13,-20.2333,164.0167,76.26,87,72,6.49
497,Elverum,NO,2021-10-12 19:38:13,60.8819,11.5623,35.06,83,53,3.47
498,Auriflama,BR,2021-10-12 19:38:14,-20.6856,-50.5547,83.55,42,0,5.21
499,Joue-Les-Tours,FR,2021-10-12 19:38:14,47.3522,0.6691,55.74,79,75,4.61
500,Meulaboh,ID,2021-10-12 19:38:14,4.1363,96.1285,77.29,86,100,3.58
501,Makakilo City,US,2021-10-12 19:38:15,21.3469,-158.0858,80.92,72,75,11.5
502,Gat,IL,2021-10-12 19:38:15,31.61,34.7642,80.4,58,100,11.9
503,Kavieng,PG,2021-10-12 19:38:15,-2.5744,150.7967,82.62,77,99,14.23
504,Necochea,AR,2021-10-12 19:38:16,-38.5473,-58.7368,67.03,79,22,16.4
505,Caluquembe,AO,2021-10-12 19:38:16,-13.7833,14.6833,69.66,52,89,7.9
506,Buraydah,SA,2021-10-12 19:38:17,26.326,43.975,82.85,14,0,12.48
507,Fertoszentmiklos,HU,2021-10-12 19:38:17,47.59,16.8752,50.72,74,15,7.83
508,Durusu,TR,2021-10-12 19:38:17,41.3053,28.6767,60.98,93,100,5.99
509,Vardo,NO,2021-10-12 19:38:18,70.3705,31.1107,41.2,93,75,8.05
510,Hereford,GB,2021-10-12 19:35:07,52.0568,-2.7148,59.0,63,96,5.1
511,Sibolga,ID,2021-10-12 19:38:18,1.7427,98.7792,76.23,87,98,2.42
512,Belogorsk,RU,2021-10-12 19:38:19,50.9158,128.4611,45.3,72,100,12.03
513,Ust-Omchug,RU,2021-10-12 19:38:19,61.15,149.6333,8.28,92,85,4.07
514,Mingguang,CN,2021-10-12 19:38:19,32.7802,117.9638,60.19,81,34,9.4
515,Bandarbeyla,SO,2021-10-12 19:38:20,9.4942,50.8122,78.8,85,44,14.74
516,Jiayuguan,CN,2021-10-12 19:38:20,39.8167,98.3,41.85,27,65,3.02
517,Benjamin Constant,BR,2021-10-12 19:38:21,-4.3831,-70.0311,80.73,83,75,5.75
518,Dawei,MM,2021-10-12 19:38:21,14.0833,98.2,76.98,95,98,4.25
519,Ulagan,RU,2021-10-12 19:38:21,50.6321,87.9563,24.78,96,99,1.14
520,Boyolangu,ID,2021-10-12 19:38:22,-8.1181,111.8935,72.82,91,92,4.0
521,Tateyama,JP,2021-10-12 19:38:22,34.9833,139.8667,66.22,86,100,14.94
522,Terrace Bay,CA,2021-10-12 19:38:22,48.7834,-87.1,58.62,90,100,12.93
523,Challans,FR,2021-10-12 19:38:23,46.8436,-1.8749,53.51,79,5,7.43
524,Waddan,LY,2021-10-12 19:38:23,29.1614,16.139,70.2,37,29,6.91
525,Parkes,AU,2021-10-12 19:38:24,-33.1333,148.1833,54.36,75,100,12.95
526,Jardim,BR,2021-10-12 19:38:24,-21.4803,-56.1381,93.38,30,5,4.34
527,Hasan Abdal,PK,2021-10-12 19:38:25,30.4333,72.7,76.39,35,0,2.17
528,Benghazi,LY,2021-10-12 19:38:25,32.1167,20.0667,74.23,55,96,9.26
529,Paris,FR,2021-10-12 19:35:05,48.8534,2.3488,56.17,79,0,1.01
530,Margate,GB,2021-10-12 19:38:26,51.3813,1.3862,55.96,77,98,3.0
531,Tuy Hoa,VN,2021-10-12 19:34:55,13.0833,109.3,76.73,90,100,6.87
532,Ust-Nera,RU,2021-10-12 19:38:26,64.5667,143.2,17.96,91,100,7.9
533,Basoko,CD,2021-10-12 19:38:26,1.2391,23.616,68.04,92,23,4.25
534,Pyshma,RU,2021-10-12 19:38:27,56.9523,63.2513,43.2,84,100,6.6
535,Olafsvik,IS,2021-10-12 19:38:28,64.8945,-23.7142,46.11,97,100,10.29
536,Havoysund,NO,2021-10-12 19:38:28,70.9963,24.6622,43.03,70,100,28.12
537,Anage,BR,2021-10-12 19:38:28,-14.6122,-41.1356,85.87,43,14,3.89
538,Manaus,BR,2021-10-12 19:37:45,-3.1019,-60.025,95.49,49,40,4.61
539,Matara,LK,2021-10-12 19:38:29,5.9485,80.5353,78.91,86,100,11.83
540,Kota Belud,MY,2021-10-12 19:37:04,6.351,116.4305,78.66,74,100,6.4
541,Oktyabrskiy,RU,2021-10-12 19:38:29,54.4815,53.471,46.58,67,94,4.07
542,Caraballeda,VE,2021-10-12 19:38:30,10.6112,-66.8522,93.36,62,40,6.91
543,Mancheral,IN,2021-10-12 19:38:30,18.8667,79.4333,74.52,75,89,4.83
544,Flin Flon,CA,2021-10-12 19:34:05,54.7682,-101.865,39.04,93,90,5.75
545,Krasnoselkup,RU,2021-10-12 19:38:31,65.7,82.4667,26.13,76,27,5.82
546,Zaozerne,UA,2021-10-12 19:38:31,45.1582,33.2787,57.94,78,96,10.65
547,Tautira,PF,2021-10-12 19:38:32,-17.7333,-149.15,84.22,79,99,17.6
548,Luderitz,NA,2021-10-12 19:38:32,-26.6481,15.1594,62.22,72,70,7.05
549,Waitati,NZ,2021-10-12 19:38:33,-45.75,170.5667,43.81,76,100,16.22
550,Puerto Baquerizo Moreno,EC,2021-10-12 19:38:33,-0.9,-89.6,70.02,86,37,14.18
551,Palana,RU,2021-10-12 19:38:33,59.1167,159.9667,34.09,83,100,20.74
552,Mogoytuy,RU,2021-10-12 19:38:34,51.2833,114.9167,38.89,71,97,3.87
553,Lagoa,PT,2021-10-12 19:38:34,39.05,-27.9833,69.17,72,12,9.31
554,Khomutovo,RU,2021-10-12 19:38:34,52.4658,104.4025,36.21,91,100,7.47
555,Sulphur Springs,US,2021-10-12 19:38:35,33.1385,-95.6011,79.48,69,75,10.36
556,Nador,MA,2021-10-12 19:38:35,35.174,-2.9287,69.87,77,20,5.75
557,Bayir,TR,2021-10-12 19:38:36,37.2687,28.2167,57.72,91,67,5.68
558,Leninskoye,KZ,2021-10-12 19:38:36,41.7589,69.3864,48.13,37,0,2.8
559,Yerofey Pavlovich,RU,2021-10-12 19:38:36,53.9667,121.9667,38.05,84,100,4.99
